{
    "Id": "",
    "Version": "v0.1.1",
    "Type": 0,
    "AccessRight": 0,
    "DownloadUrl": "",
    "InstallPath": "Assets/QFramework/",
    "IncludeFileOrFolders": [
        "Assets/QFramework/0.PackageKit",
        "Assets/QFramework/1.Core",
        "Assets/QFramework/2.ResKit",
        "Assets/QFramework/3.UIKit",
        "Assets/QFramework/4.AudioKit",
        "Assets/QFramework/Deprecated",
        "Assets/QFramework/Framework/000.Factory",
        "Assets/QFramework/Framework/001.Singleton",
        "Assets/QFramework/Framework/002.Pool",
        "Assets/QFramework/Framework/003.Table",
        "Assets/QFramework/Framework/004.CSharpExtension",
        "Assets/QFramework/Framework/005.Disposable",
        "Assets/QFramework/Framework/006.Log",
        "Assets/QFramework/Framework/007.IOC",
        "Assets/QFramework/Framework/008.TypeEventSystem",
        "Assets/QFramework/Framework/009.BindableProperty",
        "Assets/QFramework/Framework/010.Architecture",
        "Assets/QFramework/Framework/020.EasyIMGUI",
        "Assets/QFramework/Framework/021.EasyForm",
        "Assets/QFramework/Framework/030.ActionKit",
        "Assets/QFramework/Framework/031.JsonSerializer",
        "Assets/QFramework/Framework/040.PackageKit",
        "Assets/QFramework/Framework/041.RefCounter",
        "Assets/QFramework/Framework/042.BinarySerializer",
        "Assets/QFramework/Framework/043.Zip",
        "Assets/QFramework/Framework/044.CodeGenKit",
        "Assets/QFramework/Framework/050.ResKit",
        "Assets/QFramework/Framework/060.UIKit",
        "Assets/QFramework/Framework/070.AudioKit"
    ],
    "DocUrl": "http://lianxiegame.com",
    "Readme": {
        "version": "v0.1.1",
        "content": "尝试初步提交",
        "author": "liangxie",
        "date": "2020 年 10 月 20 日 21:14",
        "PackageId": ""
    }
}